;;;;;;
;20minutesfitclub.it;;;;;
;abitel.it;;;;;
;abitelascensori.it;;;;;
;abitelmontascale.it;;;;;
;abruglia.it;;;;;
;acqua-potabile.com;;;;;
;acserviceaudio.it;;;;;
;adolfoelaborazioni.com;;;;;
;aiconfinidellaterra.it;;;;;
;ameliefolies.it;;;;;
;analisilesina.it;;;;;
;analisisanitas.it;;;;;
;animallifebook.com;;;;;
;arancucinealessandria.it;;;;;
;arancucinebarcellonapg.it;;;;;
;arancucinecarpi.it;;;;;
;arancucinecurno.it;;;;;
;arancucinelecce.it;;;;;
;arancucineportosangiorgio.it;;;;;
;arancucinesaronno.it;;;;;
;arancucinesavona.it;;;;;
;arredamentibertoni.it;;;;;
;arredamentidestefanis.it;;;;;
;arredamentipanzeri.it;;;;;
;arredobagnomira.it;;;;;
;arredoserviceromagna.it;;;;;
;astamobilidesign.it;;;;;
;astamobilidesignagrigento.it;;;;;
;astamobilidesignlecce.it;;;;;
;astamobilidesignmarsala.it;;;;;
;astamobilidesignmartinafranca.it;;;;;
;astamobilidesignmazara.it;;;;;
;astamobilidesigntrapani.it;;;;;
;automobilicalderara.com;;;;;
;autopanigale.it;;;;;
;avvassociati.eu;;;;;
;aziendaagricolamartelli.it;;;;;
;belectra.it;;;;;
;biaginiindustries.it;;;;;
;biaginitemprametalli.it;;;;;
;bioanalisi.it;;;;;
;borsaescommesse.com;;;;;
;businessconsultingenterprise.com;;;;;
;cameradicommercioitalo-cambogiana.com;;;;;
;carbelmoda.it;;;;;
;carrozzeriagallerani.it;;;;;
;carrozzeriazanardi.it;;;;;
;carvaletbologna.it;;;;;
;ccparking.it;;;;;
;ccservicesolutions.it;;;;;
;casadelpneumatico.eu;;;;;
;cctrasporti.com;;;;;
;centroodontoiatricovalsesia.com;;;;;
;centrovivocastelfranco.it;;;;;
;chezmarie.it;;;;;
;coesioni.com;;;;;
;col.laurema.it;;;;;
;colorandgo.it;;;;;
;dentosansas.it;;;;;
;dinamicausili.it;;;;;
;dlarredamenti.it;;;;;
;domuslandia.it;;;;;
;donati-impianti.it;;;;;
;dproject-snc.com;;;;;
;easylifeambienti.it;;;;;
;edil051.it;;;;;
;edysma.com;;;;;
;edysma.eu;;;;;
;edysma.it;;;;;
;edysma.net;;;;;
;elenaegiorgioparrucchieri.it;;;;;
;emmetrearredamenti.it;;;;;
;endoscopia-digestiva.it;;;;;
;espuma.it;;;;;
;ferrara-store.it;;;;;
;ferrarimobilisnc.it;;;;;
;fm-marketing.it;;;;;
;fonderiabertoni.it;;;;;
;fotomazzoli.it;;;;;
;fxgame.it;;;;;
;fxgroup.it;;;;;
;fxmusic.it;;;;;
;gaetanoturatti.com;;;;;
;gardiluxuryapartments.com;;;;;
;gdpr-tecnoelastomeri.com;;;;;
;giessegistorepalermo.it;;;;;
;golfa.it;;;;;
;gommebologna.it;;;;;
;greenequipmentservice.com;;;;;
;guaraldiarredamenti.it;;;;;
;haiku-restaurant.it;;;;;
;hairacademybologna.it;;;;;
;hotel-maggiore.it;;;;;
;hotelmaggiore.net;;;;;
;ibrunelleschi.it;;;;;
;ideatende.it;;;;;
;ifatytech.com;;;;;
;ilborgoarredamenti.it;;;;;
;ilprodotto.it;;;;;
;impresahome.it;;;;;
;infortunisticaveneta.it;;;;;
;innovamedica.com;;;;;
;interlinea.it;;;;;
;investireincambogia.com;;;;;
;italialegno.it;;;;;
;italytopdesign.com;;;;;
;katik.it;;;;;
;kingbbq.it;;;;;
;labellanapoli.it;;;;;
;laboratoriogram.it;;;;;
;lacortedelmacero.it;;;;;
;lamaisonquotidienne.it;;;;;
;laurema.it;;;;;
;ledibevande.it;;;;;
;lesepidado.it;;;;;
;linea-garden.it;;;;;
;macelleriadaarcangelo.it;;;;;
;machacconciatori.com;;;;;
;manussapiens.com;;;;;
;mdmcar.it;;;;;
;michelle-italy.com;;;;;
;minimesantaclelia.it;;;;;
;mira-srl.it;;;;;
;misterparty.it;;;;;
;miyakobologna.it;;;;;
;miyakocento.it;;;;;
;mizuumi-fe.it;;;;;
;mizuumi.it;;;;;
;moda-tecnica.it;;;;;
;municipaltech.it;;;;;
;nad-bo.it;;;;;
;networkdimprese.com;;;;;
;noleggioalungoterminevolkswagen.it;;;;;
;nuovaautodemolizionedestro.it;;;;;
;nuovacarrozzerialevante.it;;;;;
;offertesuzuki.it;;;;;
;officinaborghi.it;;;;;
;onoranzefunebrivisentinievincenzi.com;;;;;
;onoranzezucchelli.com;;;;;
;osteriadelmirasole.it;;;;;
;panificiobonfiglioli.it;;;;;
;panigal.it;;;;;
;par-ravenna.it;;;;;
;parravenna.it;;;;;
;pavaniarredamenti.it;;;;;
;pergotendepomezia.it;;;;;
;pinciocarservice.it;;;;;
;pizzeriacarpediem.com;;;;;
;polobiomedico.it;;;;;
;pr-auto.it;;;;;
;pranzinigioielli.it;;;;;
;primehome.it;;;;;
;primehomeordini.it;;;;;
;profumeriaarianna.it;;;;;
;profumerialarosa.it;;;;;
;raev.it;;;;;
;righiniauto.it;;;;;
;righinimario.it;;;;;
;ristorantedong.it;;;;;
;ristoranteocorcovado.it;;;;;
;ristoranteredrose.com;;;;;
;ristorantesingapore.it;;;;;
;rocco-parrucchieri.com;;;;;
;rocco-parrucchieri.it;;;;;
;sallustioinfissi.it;;;;;
;savigniautospurgo.it;;;;;
;savoiaechiarioni.it;;;;;
;serviziopreciso.it;;;;;
;silveritalia.it;;;;;
;sinflora.it;;;;;
;snowequipmentshop.com;;;;;
;snowservicesrl.com;;;;;
;spine-center.it;;;;;
;sprintcasalgrande.it;;;;;
;statalenove.it;;;;;
;stocaffe.com;;;;;
;stosabologna.it;;;;;
;stosaravenna.it;;;;;
;stosasanlazzaro.com;;;;;
;stosasanlazzaro.it;;;;;
;studio3consulenza.it;;;;;
;studiofacenda.it;;;;;
;studiolegaleminelli.it;;;;;
;studiolegalescagliarini.it;;;;;
;suorecastelfranco.it;;;;;
;sva-group.it;;;;;
;svarent.it;;;;;
;svaspecialvehicle.com;;;;;
;ta2013srl.it;;;;;
;the-pressure.com;;;;;
;tivogliobio.it;;;;;
;torno-subito.it;;;;;
;triggerdrop.com;;;;;
;triggerdrop.it;;;;;
;tuogusto.com;;;;;
;unazebraapua.it;;;;;
;urbanmobilityresidence.com;;;;;
;vademecumdelcacciatiratore.it;;;;;
;veicolicommercialivolkswagen.it;;;;;
;venturelliabbigliamento.it;;;;;
;vignaliautomobili.it;;;;;
;westzone.it;;;;;
;zappoli-bologna.com;;;;;
;zipmec.com;;;;;
;zipmec.eu;;;;;